Player,Tm,salary_23_24,salary_24_25,Guaranteed,other_player_name
Stephen Curry,GSW,"$51,915,615","$55,761,216","$167,283,648",curryst01
Kevin Durant,PHO,"$47,649,433","$51,179,021","$153,537,063",duranke01
Nikola Jokić,DEN,"$47,607,350","$51,415,938","$213,280,928",jokicni01
Joel Embiid,PHI,"$47,607,350","$51,415,938","$154,247,814",embiijo01
LeBron James,LAL,"$47,607,350","$51,415,938","$47,607,350",jamesle01
Bradley Beal,PHO,"$46,741,590","$50,203,930","$150,611,790",bealbr01
Damian Lillard,POR,"$45,640,084","$48,787,676","$152,972,971",lillada01
Giannis Antetokounmpo,MIL,"$45,640,084","$48,787,676","$94,427,760",antetgi01
Kawhi Leonard,LAC,"$45,640,084","$48,787,676","$45,640,084",leonaka01
Paul George,LAC,"$45,640,084","$48,787,676","$45,640,084",georgpa01
Jimmy Butler,MIA,"$45,183,960","$48,798,677","$93,982,637",butleji01
Klay Thompson,GSW,"$43,219,440",,"$43,219,440",thompkl01
Rudy Gobert,MIN,"$41,000,000","$43,827,586","$84,827,586",goberru01
Fred VanVleet,HOU,"$40,806,300","$42,846,615","$128,539,845",vanvlfr01
Anthony Davis,LAL,"$40,600,080","$43,219,440","$40,600,080",davisan02
Trae Young,ATL,"$40,064,220","$43,031,940","$178,063,200",youngtr01
Luka Dončić,DAL,"$40,064,220","$43,031,940","$129,095,820",doncilu01
Zach LaVine,CHI,"$40,064,220","$43,031,940","$129,095,820",lavinza01
Tobias Harris,PHI,"$39,270,150",,"$39,270,150",harrito02
Ben Simmons,BRK,"$37,893,408","$40,338,144","$78,231,552",simmobe01
Pascal Siakam,TOR,"$37,893,408",,"$37,893,408",siakapa01
Kyrie Irving,DAL,"$37,037,037","$40,000,000","$77,037,037",irvinky01
Jrue Holiday,MIL,"$36,861,707","$39,403,894","$36,861,707",holidjr01
Devin Booker,PHO,"$36,016,200","$49,700,000","$258,672,200",bookede01
Karl-Anthony Towns,MIN,"$36,016,200","$49,245,000","$195,570,000",townska01
Kristaps Porziņģis,BOS,"$36,016,200","$29,268,293","$96,016,200",porzikr01
CJ McCollum,NOP,"$35,802,469","$33,333,333","$99,802,468",mccolcj01
James Harden,PHI,"$35,640,000",,"$35,640,000",hardeja01
Zion Williamson,NOP,"$34,005,250","$36,725,670","$197,230,450",willizi01
Ja Morant,MEM,"$34,005,250","$36,725,670","$197,230,450",moranja01
Darius Garland,CLE,"$34,005,250","$36,725,670","$197,230,450",garlada01
Brandon Ingram,NOP,"$33,833,400","$36,016,200","$69,849,600",ingrabr01
Jamal Murray,DEN,"$33,833,400","$36,016,200","$69,849,600",murraja01
Shai Gilgeous-Alexander,OKC,"$33,386,850","$35,859,950","$148,386,000",gilgesh01
Michael Porter Jr.,DEN,"$33,386,850","$35,859,950","$119,579,850",portemi01
Donovan Mitchell,CLE,"$33,162,030","$35,410,310","$68,572,340",mitchdo01
De'Aaron Fox,SAC,"$32,600,060","$34,848,340","$104,545,020",foxde01
Bam Adebayo,MIA,"$32,600,060","$34,848,340","$104,545,020",adebaba01
Jayson Tatum,BOS,"$32,600,060","$34,848,340","$67,448,400",tatumja01
Deandre Ayton,PHO,"$32,459,438","$34,005,126","$102,015,378",aytonde01
Jaylen Brown,BOS,"$31,830,357","$49,700,000","$320,090,357",brownja02
Gordon Hayward,CHO,"$31,500,000",,"$31,500,000",haywago01
Chris Paul,GSW,"$30,800,000","$30,000,000","$15,800,000",paulch01
Domantas Sabonis,SAC,"$30,600,000","$41,800,000","$216,616,000",sabondo01
Kyle Lowry,MIA,"$29,682,540",,"$29,682,540",lowryky01
Khris Middleton,MIL,"$29,320,988","$31,666,667","$60,987,655",middlkh01
DeMar DeRozan,CHI,"$28,600,000",,"$28,600,000",derozde01
Julius Randle,NYK,"$28,226,880","$30,317,760","$58,544,640",randlju01
Jerami Grant,POR,"$27,586,207","$29,793,104","$123,586,210",grantje01
Jordan Poole,WAS,"$27,455,357","$29,651,786","$123,000,000",poolejo01
Jaren Jackson Jr.,MEM,"$27,102,202","$25,257,798","$75,773,395",jacksja02
Tyler Herro,MIA,"$27,000,000","$29,000,000","$120,000,000",herroty01
Jalen Brunson,NYK,"$26,346,666","$24,960,001","$51,306,667",brunsja01
Cameron Johnson,BRK,"$25,679,348","$23,625,000","$94,500,000",johnsca02
Kyle Kuzma,WAS,"$25,568,182","$23,522,727","$90,000,000",kuzmaky01
John Collins,UTA,"$25,340,000","$26,580,000","$78,500,000",collijo01
Brook Lopez,MIL,"$25,000,000","$23,000,000","$48,000,000",lopezbr01
Mike Conley,MIN,"$24,360,000",,"$14,320,000",conlemi01
Andrew Wiggins,GSW,"$24,330,357","$26,276,786","$78,830,358",wiggian01
Anfernee Simons,POR,"$24,107,143","$25,892,857","$77,678,571",simonan01
RJ Barrett,NYK,"$23,883,929","$25,794,643","$107,000,000",barrerj01
Jordan Clarkson,UTA,"$23,487,629","$14,092,577","$51,865,920",clarkjo01
Terry Rozier,CHO,"$23,205,221","$24,924,126","$74,772,378",roziete01
Dillon Brooks,HOU,"$22,627,671","$22,255,493","$86,000,001",brookdi01
Malcolm Brogdon,BOS,"$22,500,000","$22,500,000","$45,000,000",brogdma01
Draymond Green,GSW,"$22,321,429","$24,107,143","$100,000,000",greendr01
Aaron Gordon,DEN,"$22,266,182","$23,841,455","$46,107,637",gordoaa01
Bruce Brown,IND,"$22,000,000","$23,000,000","$22,000,000",brownbr01
Mikal Bridges,BRK,"$21,700,000","$23,300,000","$69,900,000",bridgmi01
Myles Turner,IND,"$20,975,000","$19,928,500","$40,903,500",turnemy01
Clint Capela,ATL,"$20,616,000","$22,265,280","$42,881,280",capelca01
Lonzo Ball,CHI,"$20,465,117","$21,395,348","$20,465,117",balllo01
Spencer Dinwiddie,BRK,"$20,357,143",,"$20,357,143",dinwisp01
De'Andre Hunter,ATL,"$20,089,286","$21,696,429","$90,000,000",huntede01
Keldon Johnson,SAS,"$20,000,000","$19,000,000","$74,000,000",johnske04
Jarrett Allen,CLE,"$20,000,000","$20,000,000","$60,000,000",allenja01
Bojan Bogdanović,DET,"$20,000,000","$19,032,850","$20,000,000",bogdabo02
Joe Harris,DET,"$19,928,571",,"$19,928,571",harrijo01
Jakob Poeltl,TOR,"$19,500,000","$19,500,000","$58,500,000",poeltja01
Buddy Hield,IND,"$19,279,841",,"$19,279,841",hieldbu01
Evan Fournier,NYK,"$18,857,143","$19,000,000","$37,857,143",fournev01
Marcus Smart,MEM,"$18,833,713","$20,210,284","$60,630,852",smartma01
Bogdan Bogdanović,ATL,"$18,700,000","$17,260,000","$51,980,000",bogdabo01
OG Anunoby,TOR,"$18,642,857","$19,928,571","$18,642,857",anunoog01
Gary Trent Jr.,TOR,"$18,560,000",,"$18,560,000",trentga02
Nikola Vučević,CHI,"$18,518,519","$20,000,000","$60,000,000",vucevni01
Derrick White,BOS,"$18,357,143","$19,571,429","$37,928,572",whitede01
Dejounte Murray,ATL,"$18,214,000","$25,499,599","$100,832,704",murrade01
Duncan Robinson,MIA,"$18,154,000","$19,406,000","$47,448,000",robindu01
Norman Powell,LAC,"$18,000,000","$19,241,379","$57,724,137",powelno01
Tim Hardaway Jr.,DAL,"$17,897,728","$16,193,183","$34,090,911",hardati02
Jonathan Isaac,ORL,"$17,400,000","$17,400,000","$7,400,000",isaacjo01
Collin Sexton,UTA,"$17,325,000","$18,150,000","$54,450,000",sextoco01
D'Angelo Russell,LAL,"$17,307,693","$18,692,307","$36,000,000",russeda01
Lauri Markkanen,UTA,"$17,259,999","$18,044,544","$23,259,999",markkla01
Marcus Morris,LAC,"$17,116,279",,"$17,116,279",morrima03
Harrison Barnes,SAC,"$17,000,000","$18,000,000","$54,000,000",barneha02
Dāvis Bertāns,OKC,"$17,000,000","$16,000,000","$28,000,000",bertada01
Markelle Fultz,ORL,"$17,000,000",,"$2,000,000",fultzma01
Jusuf Nurkić,POR,"$16,875,000","$18,125,000","$54,375,000",nurkiju01
Kevin Porter Jr.,HOU,"$15,860,000","$15,860,000","$15,860,000",porteke02
Rui Hachimura,LAL,"$15,740,741","$17,000,000","$51,000,000",hachiru01
Mitchell Robinson,NYK,"$15,681,818","$14,318,182","$42,954,546",robinmi01
Kevin Huerter,SAC,"$15,669,643","$16,830,357","$50,491,071",huertke01
Jonas Valančiūnas,NOP,"$15,435,000",,"$15,435,000",valanjo01
Caris LeVert,CLE,"$15,384,616","$16,615,384","$32,000,000",leverca01
Luguentz Dort,OKC,"$15,277,778","$16,500,000","$49,500,000",dortlu01
Luke Kennard,MEM,"$14,763,636","$14,763,636","$14,763,636",kennalu01
Kentavious Caldwell-Pope,DEN,"$14,704,938","$15,440,185","$14,704,938",caldwke01
Max Strus,CLE,"$14,487,684","$15,212,068","$62,297,040",strusma01
Tyus Jones,WAS,"$14,000,000",,"$14,000,000",jonesty01
Dorian Finney-Smith,BRK,"$13,932,008","$14,924,167","$28,856,175",finnedo01
Doug McDermott,SAS,"$13,750,000",,"$13,750,000",mcderdo01
Anthony Edwards,MIN,"$13,534,817","$35,500,000","$219,434,817",edwaran01
Wendell Carter Jr.,ORL,"$13,050,000","$11,950,000","$35,850,000",cartewe01
Gary Harris,ORL,"$13,000,000",,,harriga01
Josh Hart,NYK,"$12,960,000",,"$12,960,000",hartjo01
Naz Reid,MIN,"$12,950,400","$13,986,432","$26,936,832",reidna01
Steven Adams,MEM,"$12,600,000","$12,600,000","$25,200,000",adamsst01
Brandon Clarke,MEM,"$12,500,000","$12,500,000","$50,000,000",clarkbr01
Marvin Bagley III,DET,"$12,500,000","$12,500,000","$25,000,000",baglema01
Grant Williams,DAL,"$12,405,000","$13,025,250","$53,341,500",willigr01
Dennis Schröder,TOR,"$12,405,000","$13,025,250","$25,430,250",schrode01
Daniel Gafford,WAS,"$12,402,000","$13,394,160","$40,182,480",gaffoda01
Kelly Olynyk,UTA,"$12,195,122",,"$3,000,000",olynyke01
Victor Wembanyama,SAS,"$12,160,680","$12,768,960","$24,929,640",wembavi01
James Wiseman,DET,"$12,119,440",,,wisemja01
Devonte' Graham,SAS,"$12,100,000","$12,650,000","$14,950,000",grahade01
Richaun Holmes,DAL,"$12,046,020","$12,876,780","$12,046,020",holmeri01
Herbert Jones,NOP,"$12,015,150","$12,976,362","$53,827,872",joneshe01
Austin Reaves,LAL,"$12,015,150","$12,976,362","$38,929,086",reaveau01
Chris Boucher,TOR,"$11,750,000","$10,810,000","$22,560,000",bouchch01
Bobby Portis,MIL,"$11,710,818","$12,578,286","$24,289,104",portibo01
Nicolas Batum,LAC,"$11,710,818",,"$11,710,818",batumni01
Robert Covington,LAC,"$11,692,308",,"$11,692,308",covinro01
Paolo Banchero,ORL,"$11,608,080","$12,160,800","$11,608,080",banchpa01
Robert Williams,BOS,"$11,571,429","$12,428,571","$37,285,713",williro04
Coby White,CHI,"$11,111,111","$12,000,000","$36,000,000",whiteco01
Cade Cunningham,DET,"$11,055,360","$13,940,809","$11,055,360",cunnica01
Talen Horton-Tucker,UTA,"$11,020,000",,"$11,020,000",hortota01
P.J. Tucker,PHI,"$11,014,500","$11,539,000","$11,014,500",tuckepj01
Reggie Bullock,SAS,"$11,014,080",,"$11,014,080",bullore01
Maxi Kleber,DAL,"$11,000,000","$11,000,000","$33,000,000",klebima01
Joe Ingles,ORL,"$11,000,000","$11,000,000","$11,000,000",inglejo01
Ivica Zubac,LAC,"$10,933,333","$11,743,210","$22,676,543",zubaciv01
LaMelo Ball,CHO,"$10,900,635","$35,500,000","$216,800,635",ballla01
Donte DiVincenzo,NYK,"$10,900,000","$11,445,000","$46,870,000",divindo01
Brandon Miller,CHO,"$10,880,400","$11,424,600","$22,305,000",millebr02
Terance Mann,LAC,"$10,576,923","$11,423,077","$22,000,000",mannte01
Gabe Vincent,LAL,"$10,500,000","$11,000,000","$33,000,000",vincega01
Matisse Thybulle,POR,"$10,500,000","$11,025,000","$21,525,000",thybuma01
Alec Burks,DET,"$10,489,600",,"$10,489,600",burksal01
Chet Holmgren,OKC,"$10,386,000","$10,880,640","$10,386,000",holmgch01
Larry Nance Jr.,NOP,"$10,375,000","$11,205,000","$21,580,000",nancela02
Landry Shamet,WAS,"$10,250,000","$11,000,000","$33,000,000",shamela01
Al Horford,BOS,"$10,000,000","$9,500,000","$19,500,000",horfoal01
Malik Monk,SAC,"$9,945,830",,"$9,945,830",monkma01
Tre Jones,SAS,"$9,895,833","$9,104,167","$19,000,000",jonestr01
Jalen Green,HOU,"$9,891,480","$12,483,048","$9,891,480",greenja05
Patrick Williams,CHI,"$9,835,881",,"$9,835,881",willipa01
Monte Morris,DET,"$9,800,926",,"$9,800,926",morrimo01
Scoot Henderson,POR,"$9,770,880","$10,259,160","$20,030,040",hendesc01
Nic Claxton,BRK,"$9,625,000",,"$9,625,000",claxtni01
Jeff Green,HOU,"$9,600,000","$9,600,000","$19,200,000",greenje02
Royce O'Neale,BRK,"$9,500,000",,"$2,500,000",onealro01
Alex Caruso,CHI,"$9,460,000","$9,890,000","$19,350,000",carusal01
Victor Oladipo,OKC,"$9,450,000",,"$9,450,000",oladivi01
Pat Connaughton,MIL,"$9,423,869","$9,423,869","$28,271,607",connapa01
Jabari Smith Jr.,HOU,"$9,326,520","$9,770,880","$9,326,520",smithja05
Isaiah Hartenstein,NYK,"$9,245,121",,"$9,245,121",harteis01
Kyle Anderson,MIN,"$9,219,512",,"$9,219,512",anderky01
Daniel Theis,IND,"$9,108,387","$9,522,405","$9,108,387",theisda01
Grayson Allen,MIL,"$8,925,000",,"$8,925,000",allengr01
Isaac Okoro,CLE,"$8,920,795",,"$8,920,795",okorois01
Evan Mobley,CLE,"$8,882,640","$11,227,657","$8,882,640",mobleev01
Amen Thompson,HOU,"$8,809,320","$9,249,960","$18,059,280",thompam01
Georges Niang,CLE,"$8,800,000","$8,500,000","$25,500,000",niangge01
Gary Payton II,GSW,"$8,715,000","$9,130,000","$8,715,000",paytoga02
T.J. McConnell,IND,"$8,700,000","$9,300,000","$13,700,000",mccontj01
Keegan Murray,SAC,"$8,409,000","$8,809,560","$8,409,000",murrake02
Delon Wright,WAS,"$8,195,122",,"$8,195,122",wrighde01
Onyeka Okongwu,ATL,"$8,109,063",,"$8,109,063",okongon01
Scottie Barnes,TOR,"$8,008,680","$10,130,980","$8,008,680",barnesc01
Jock Landale,HOU,"$8,000,000","$8,000,000","$24,000,000",landajo01
Trey Lyles,SAC,"$8,000,000","$8,000,000","$16,000,000",lylestr01
De'Anthony Melton,PHI,"$8,000,000",,"$8,000,000",meltode01
Moritz Wagner,ORL,"$8,000,000","$8,000,000","$8,000,000",wagnemo01
Thaddeus Young,TOR,"$8,000,000",,"$1,000,000",youngth01
Ausar Thompson,DET,"$7,977,480","$8,376,000","$16,353,480",thompau01
Miles Bridges,CHO,"$7,921,300",,"$7,921,300",bridgmi02
Vasilije Micić,OKC,"$7,723,000","$7,723,000","$23,555,150",micicva01
Paul Reed,PHI,"$7,723,000","$7,723,000","$7,723,000",reedpa01
Zach Collins,SAS,"$7,700,000",,,colliza01
Jaden Ivey,DET,"$7,614,480","$7,977,240","$7,614,480",iveyja01
Cody Martin,CHO,"$7,560,000","$8,120,000","$15,680,000",martico01
Kevon Looney,GSW,"$7,500,000","$8,000,000","$15,500,000",looneke01
Killian Hayes,DET,"$7,413,955",,"$7,413,955",hayeski01
Jalen Suggs,ORL,"$7,252,080","$9,188,385","$7,252,080",suggsja01
Anthony Black,ORL,"$7,245,480","$7,607,760","$14,853,240",blackan01
Khem Birch,SAS,"$6,985,000",,"$6,985,000",birchkh01
Bennedict Mathurin,IND,"$6,916,080","$7,245,720","$6,916,080",mathube01
Obi Toppin,IND,"$6,803,012",,"$6,803,012",toppiob01
Caleb Martin,MIA,"$6,802,950","$7,126,900","$13,929,850",martica02
Danilo Gallinari,WAS,"$6,802,950",,"$6,802,950",gallida01
John Wall,HOU,"$6,802,950",,"$6,802,950",walljo01
Patty Mills,ATL,"$6,802,950",,"$6,802,950",millspa02
Cedi Osman,SAS,"$6,718,842",,"$6,718,842",osmande01
Bilal Coulibaly,WAS,"$6,614,280","$6,945,240","$13,559,520",coulibi01
Josh Giddey,OKC,"$6,587,040","$8,352,367","$6,587,040",giddejo01
Cameron Payne,SAS,"$6,500,000",,"$6,500,000",payneca01
Jae'Sean Tate,HOU,"$6,500,000","$7,065,217","$6,500,000",tateja01
Ayo Dosunmu,CHI,"$6,481,482","$7,000,000","$21,000,000",dosunay01
Rudy Gay,OKC,"$6,479,000",,"$6,479,000",gayru01
Sasha Vezenkov,SAC,"$6,341,464","$6,658,536","$13,000,000",vezenal01
Shaedon Sharpe,POR,"$6,313,800","$6,614,160","$6,313,800",sharpsh01
Otto Porter Jr.,TOR,"$6,300,000",,"$6,300,000",porteot01
Deni Avdija,WAS,"$6,263,188",,"$6,263,188",avdijde01
Nassir Little,POR,"$6,250,000","$6,750,000","$28,000,000",littlna01
Jevon Carter,CHI,"$6,190,476","$6,500,000","$12,690,476",carteje01
Kenrich Williams,OKC,"$6,175,000","$6,669,000","$20,007,000",willike04
Ricky Rubio,CLE,"$6,146,342","$6,439,025","$10,396,342",rubiori01
Jarace Walker,IND,"$6,059,520","$6,362,520","$12,422,040",walkeja02
Jonathan Kuminga,GSW,"$6,012,840","$7,636,307","$6,012,840",kuminjo01
Devin Vassell,SAS,"$5,887,899",,"$5,887,899",vassede01
Tyrese Haliburton,IND,"$5,808,435","$35,500,000","$211,708,435",halibty01
Dyson Daniels,NOP,"$5,784,120","$6,059,520","$5,784,120",daniedy01
JaVale McGee,DAL,"$5,734,280","$6,007,341","$11,741,621",mcgeeja01
Kira Lewis Jr.,NOP,"$5,722,116",,"$5,722,116",lewiski01
Dean Wade,CLE,"$5,709,877","$6,166,667","$11,876,544",wadede01
Aaron Nesmith,IND,"$5,634,257",,"$5,634,257",nesmiaa01
Taylor Hendricks,UTA,"$5,569,920","$5,848,680","$11,418,600",hendrita01
Cole Anthony,ORL,"$5,539,771",,"$5,539,771",anthoco01
Franz Wagner,ORL,"$5,508,720","$7,007,092","$5,508,720",wagnefr01
Garrett Temple,TOR,"$5,401,000",,"$5,401,000",templga01
Furkan Korkmaz,PHI,"$5,370,370",,"$5,370,370",korkmfu01
Jeremy Sochan,SAS,"$5,316,960","$5,570,040","$5,316,960",sochaje01
Cason Wallace,OKC,"$5,291,400","$5,555,880","$10,847,280",wallaca01
Isaiah Stewart,DET,"$5,266,713","$15,000,000","$50,266,713",stewais01
Chuma Okeke,ORL,"$5,266,713",,"$5,266,713",okekech01
Davion Mitchell,SAC,"$5,063,640","$6,451,077","$5,063,640",mitchda01
Johnny Davis,WAS,"$5,050,800","$5,291,160","$5,050,800",davisjo06
Jalen Smith,IND,"$5,043,773","$5,417,386","$5,043,773",smithja04
Jett Howard,ORL,"$5,026,800","$5,278,320","$10,305,120",howarje01
Aleksej Pokusevski,OKC,"$5,009,633",,"$5,009,633",pokusal01
Nick Richards,CHO,"$5,000,000","$5,000,000","$10,000,000",richani01
Shake Milton,MIN,"$5,000,000","$5,000,000","$5,000,000",miltosh01
Mason Plumlee,LAC,"$5,000,000",,"$5,000,000",plumlma01
Reggie Jackson,DEN,"$5,000,000","$5,250,000","$5,000,000",jacksre01
Ziaire Williams,MEM,"$4,810,200","$6,133,005","$4,810,200",willizi02
Ousmane Dieng,OKC,"$4,798,440","$5,027,040","$4,798,440",diengou01
Dereck Lively II,DAL,"$4,775,640","$5,014,560","$9,790,200",livelde01
Josh Green,DAL,"$4,765,339",,"$4,765,339",greenjo02
Jarred Vanderbilt,LAL,"$4,698,000",,"$300,000",vandeja01
Nickeil Alexander-Walker,MIN,"$4,687,500","$4,312,500","$9,000,000",alexani01
James Bouknight,CHO,"$4,570,080","$6,064,496","$4,570,080",bouknja01
Jalen Williams,OKC,"$4,558,680","$4,775,760","$4,558,680",willija06
Saddiq Bey,ATL,"$4,556,983",,"$4,556,983",beysa01
Gradey Dick,TOR,"$4,536,720","$4,763,760","$9,300,480",dickgr01
Jalen McDaniels,TOR,"$4,516,000","$4,741,800","$9,257,800",mcdanja01
Taurean Prince,LAL,"$4,516,000",,"$4,516,000",princta02
Precious Achiuwa,TOR,"$4,379,527",,"$4,379,527",achiupr01
Tyrese Maxey,PHI,"$4,343,920",,"$4,343,920",maxeyty01
Joshua Primo,SAS,"$4,341,600",,"$4,341,600",primojo01
Jalen Duren,DET,"$4,330,680","$4,536,840","$4,330,680",durenja01
Dewayne Dedmon,PHI,"$7,072,674","$2,748,674",,dedmode01
Danuel House Jr.,PHI,"$4,310,250",,"$4,310,250",houseda01
Jordan Hawkins,NOP,"$4,310,160","$4,525,680","$8,835,840",hawkijo01
Zeke Nnaji,DEN,"$4,306,281",,"$4,306,281",nnajize01
Immanuel Quickley,NYK,"$4,171,548",,"$4,171,548",quickim01
Chris Duarte,SAC,"$4,124,400","$5,893,768","$4,124,400",duartch01
Ochai Agbaji,UTA,"$4,114,200","$4,310,280","$4,114,200",agbajoc01
Kobe Bufkin,ATL,"$4,094,280","$4,299,000","$8,393,280",bufkiko01
Payton Pritchard,BOS,"$4,037,277",,"$4,037,277",pritcpa01
Seth Curry,DAL,"$4,000,000","$4,000,000","$8,000,000",curryse01
Dwight Powell,DAL,"$4,000,000","$4,000,000","$8,000,000",poweldw01
Troy Brown Jr.,MIN,"$4,000,000","$4,000,000","$4,000,000",browntr01
Moses Moody,GSW,"$3,918,480","$5,803,269","$3,918,480",moodymo01
Mark Williams,CHO,"$3,908,160","$4,094,280","$3,908,160",willima07
Jaden McDaniels,MIN,"$3,901,399",,"$3,901,399",mcdanja02
Keyonte George,UTA,"$3,889,800","$4,084,200","$7,974,000",georgke01
Malachi Flynn,TOR,"$3,873,025",,"$3,873,025",flynnma01
Desmond Bane,MEM,"$3,845,083","$34,005,250","$201,075,533",banede01
Russell Westbrook,LAC,"$3,835,738","$4,027,525","$7,863,263",westbru01
Kevin Love,MIA,"$3,835,738","$4,027,525","$3,835,738",loveke01
Corey Kispert,WAS,"$3,722,040","$5,705,887","$3,722,040",kispeco01
AJ Griffin,ATL,"$3,712,920","$3,889,920","$3,712,920",griffaj01
Jalen Hood-Schifino,LAL,"$3,695,040","$3,879,840","$7,574,880",hoodsja01
Amir Coffey,LAC,"$3,666,667","$3,938,271","$7,604,938",coffeam01
Alperen Şengün,HOU,"$3,536,280","$5,424,654","$3,536,280",sengual01
Tari Eason,HOU,"$3,527,160","$3,695,160","$3,527,160",easonta01
Jaime Jaquez Jr.,MIA,"$3,510,600","$3,685,800","$7,196,400",jaqueja01
Mike Muscala,WAS,"$3,500,000",,"$3,500,000",muscami01
Andre Drummond,CHI,"$3,360,000",,"$3,360,000",drumman01
Derrick Jones Jr.,CHI,"$3,360,000",,,jonesde02
Trey Murphy III,NOP,"$3,359,280","$5,159,854","$3,359,280",murphtr02
Brandin Podziemski,GSW,"$3,352,440","$3,519,960","$6,872,400",podzibr01
Dalen Terry,CHI,"$3,350,760","$3,510,480","$3,350,760",terryda01
Cam Whitmore,HOU,"$3,218,160","$3,379,080","$6,597,240",whitmca01
Jake LaRavia,MEM,"$3,199,920","$3,352,680","$3,199,920",laravja01
Derrick Rose,MEM,"$3,196,448","$3,356,271","$6,552,719",rosede01
Eric Gordon,PHO,"$3,196,448","$3,356,271","$3,196,448",gordoer01
Tre Mann,OKC,"$3,191,400","$4,908,373","$3,191,400",manntr01
Noah Clowney,BRK,"$3,089,520","$3,244,080","$6,333,600",clownno01
Malaki Branham,SAS,"$3,071,880","$3,217,920","$3,071,880",branhma01
Kai Jones,CHO,"$3,047,880","$4,693,735","$3,047,880",joneska01
Simone Fontecchio,UTA,"$3,044,872",,"$3,044,872",fontesi01
Julian Champagnie,SAS,"$3,000,000","$3,000,000","$3,000,000",champju02
Jordan Nwora,IND,"$3,000,000",,"$3,000,000",nworajo01
Dante Exum,DAL,"$3,000,000","$3,150,000","$3,000,000",exumda01
Kevin Knox,POR,"$3,000,000",,,knoxke01
Dariq Whitehead,BRK,"$2,966,040","$3,114,240","$6,080,280",whiteda01
Christian Braun,DEN,"$2,949,120","$3,089,640","$2,949,120",braunch01
Jalen Johnson,ATL,"$2,925,360","$4,510,905","$2,925,360",johnsja05
Josh Richardson,MIA,"$2,891,467","$3,051,153","$2,891,467",richajo01
Kris Murray,POR,"$2,847,480","$2,990,040","$5,837,520",murrakr01
Andrew Nicholson,POR,"$2,844,430",,"$2,844,430",nichoan01
Walker Kessler,UTA,"$2,831,160","$2,965,920","$2,831,160",kesslwa01
Josh Okogie,PHO,"$2,815,937","$2,956,734","$2,815,937",okogijo01
Keon Johnson,POR,"$2,808,720","$4,474,291","$2,808,720",johnske07
Omer Yurtseven,UTA,"$2,800,000","$2,660,000","$5,460,000",yurtsom01
Dewayne Dedmon,DET,"$7,072,674","$2,748,674","$5,497,348",dedmode01
Olivier-Maxence Prosper,DAL,"$2,733,720","$2,870,400","$5,604,120",prospol01
David Roddy,MEM,"$2,718,240","$2,847,240","$2,718,240",roddyda01
Isaiah Jackson,IND,"$2,696,280","$4,435,381","$2,696,280",jacksis01
Marcus Sasser,DET,"$2,624,040","$2,755,080","$5,379,120",sassema01
MarJon Beauchamp,MIL,"$2,609,400","$2,733,720","$2,609,400",beaucma01
Charles Bassey,SAS,"$2,600,000","$2,500,000","$2,600,000",bassech01
Usman Garuba,OKC,"$2,588,400",,"$2,588,400",garubus01
Damian Jones,CLE,"$2,586,665",,"$2,586,665",jonesda03
Kris Dunn,UTA,"$2,586,665",,,dunnkr01
Bruno Fernando,ATL,"$2,581,522","$2,717,391",,fernabr01
Willy Hernangómez,NOP,"$2,559,942",,,hernawi01
Ben Sheppard,IND,"$2,537,160","$2,663,880","$5,201,040",sheppbe01
Thomas Bryant,MIA,"$2,528,233","$2,845,342","$5,373,575",bryanth01
Torrey Craig,CHI,"$2,528,233","$2,845,342","$5,373,575",craigto01
Damion Lee,PHO,"$2,528,233","$2,845,342","$2,528,233",leeda03
Blake Wesley,SAS,"$2,504,640","$2,624,280","$2,504,640",weslebl01
Josh Christopher,MEM,"$2,485,200","$4,346,615","$2,485,200",chrisjo01
Nick Smith Jr.,CHO,"$2,463,960","$2,587,200","$5,051,160",smithni01
Brice Sensabaugh,UTA,"$2,448,600","$2,571,480","$5,020,080",sensabr01
Ty Jerome,CLE,"$2,439,025","$2,560,975","$5,000,000",jeromty01
Julian Strawther,DEN,"$2,431,080","$2,552,520","$4,983,600",strawju01
Wendell Moore Jr.,MIN,"$2,421,720","$2,537,040","$2,421,720",moorewe01
Kobe Brown,LAC,"$2,413,320","$2,533,920","$4,947,240",brownko01
Luke Kornet,BOS,"$2,413,304",,,kornelu01
John Konchar,MEM,"$2,400,000","$6,165,000","$20,895,000",konchjo01
Quentin Grimes,NYK,"$2,385,720","$4,296,682","$2,385,720",grimequ01
Nikola Jović,MIA,"$2,352,000","$2,464,200","$2,352,000",jovicni01
Drew Eubanks,PHO,"$2,346,614","$2,654,644","$5,001,258",eubandr01
Keita Bates-Diop,PHO,"$2,346,614","$2,654,644","$5,001,258",bateske01
Yuta Watanabe,PHO,"$2,346,614","$2,654,644","$2,346,614",watanyu01
Patrick Baldwin Jr.,WAS,"$2,337,720","$2,448,840","$2,337,720",baldwpa01
TyTy Washington Jr.,OKC,"$2,320,440",,"$2,320,440",washity02
Jordan McLaughlin,MIN,"$2,320,000",,,mclaujo01
Bones Hyland,LAC,"$2,306,400","$4,158,439","$2,306,400",hylanbo01
Peyton Watson,DEN,"$2,303,520","$2,413,560","$2,303,520",watsope01
Cam Thomas,BRK,"$2,240,160","$4,041,249",,thomaca02
Vlatko Čančar,DEN,"$2,234,359","$2,346,606","$2,234,359",cancavl01
Jaden Springer,PHI,"$2,226,240","$4,018,363","$2,226,240",sprinja01
Day'Ron Sharpe,BRK,"$2,210,040","$3,989,122",,sharpda01
Santi Aldama,MEM,"$2,194,200","$3,960,531","$2,194,200",aldamsa01
Jaxson Hayes,LAL,"$2,165,000","$2,463,946","$2,165,000",hayesja02
Cam Reddish,LAL,"$2,165,000","$2,463,946","$2,165,000",reddica01
Oshae Brissett,BOS,"$2,165,000","$2,463,946","$2,165,000",brissos01
Andrew Nembhard,IND,"$2,131,905","$2,019,699","$4,151,604",nembhan01
Goga Bitadze,ORL,"$2,066,585",,"$2,066,585",bitadgo01
Luka Šamanić,UTA,"$2,066,585",,,samanlu01
Isaiah Roby,NYK,"$2,066,585",,,robyis01
DaQuan Jeffries,NYK,"$2,066,585",,,jeffrda01
Dalano Banton,BOS,"$2,019,706","$2,196,970","$4,216,676",bantoda01
Colby Jones,SAC,"$2,019,706","$2,120,693","$4,140,399",jonesco02
Jeff Dowtin,TOR,"$2,019,706",,"$2,019,706",dowtije01
Alex Len,SAC,"$2,019,706",,"$2,019,706",lenal01
Bol Bol,PHO,"$2,019,706",,"$2,019,706",bolbo01
Chimezie Metu,PHO,"$2,019,706",,"$2,019,706",metuch01
Montrezl Harrell,PHI,"$2,019,706",,"$2,019,706",harremo01
Patrick Beverley,PHI,"$2,019,706",,"$2,019,706",beverpa01
Mo Bamba,PHI,"$2,019,706",,"$2,019,706",bambamo01
Cody Zeller,NOP,"$2,019,706",,"$2,019,706",zelleco01
Jae Crowder,MIL,"$2,019,706",,"$2,019,706",crowdja01
Malik Beasley,MIL,"$2,019,706",,"$2,019,706",beaslma01
Robin Lopez,MIL,"$2,019,706",,"$2,019,706",lopezro01
Dario Šarić,GSW,"$2,019,706",,"$2,019,706",saricda01
Cory Joseph,GSW,"$2,019,706",,"$2,019,706",josepco01
DeAndre Jordan,DEN,"$2,019,706",,"$2,019,706",jordade01
Justin Holiday,DEN,"$2,019,706",,"$2,019,706",holidju01
Darius Bazley,BRK,"$2,019,706",,"$2,019,706",bazleda01
Lonnie Walker IV,BRK,"$2,019,706",,"$2,019,706",walkelo01
Dennis Smith Jr.,BRK,"$2,019,706",,"$2,019,706",smithde03
Wesley Matthews,ATL,"$2,019,706",,"$2,019,706",matthwe02
Aaron Holiday,HOU,"$2,019,706",,,holidaa01
Caleb Houstan,ORL,"$2,000,000","$2,019,699","$2,000,000",houstca01
Jaylin Williams,OKC,"$2,000,000","$2,019,699","$2,000,000",willija07
Garrison Mathews,ATL,"$2,000,000","$2,230,253",,mathega01
Anthony Gill,WAS,"$1,997,238",,"$1,997,238",gillan01
Isaiah Joe,OKC,"$1,997,238","$2,164,993",,joeis01
Sam Merrill,CLE,"$1,997,238","$2,164,993",,merrisa01
Naji Marshall,NOP,"$1,930,681",,"$1,930,681",marshna01
Xavier Tillman Sr.,MEM,"$1,930,681",,"$1,930,681",tillmxa01
Kenyon Martin Jr.,LAC,"$1,930,681",,"$1,930,681",martike04
Sam Hauser,BOS,"$1,927,896","$2,092,344","$4,020,240",hausesa01
Kessler Edwards,SAC,"$1,927,896",,"$1,927,896",edwarke02
Ish Wainright,PHO,"$1,927,896",,"$1,927,896",wainris01
Jericho Sims,NYK,"$1,927,896","$2,092,344","$600,000",simsje01
Jordan Goodwin,PHO,"$1,927,896","$2,092,344",,goodwjo01
Carlik Jones,CHI,"$1,927,896","$2,092,344",,jonesca03
Haywood Highsmith,MIA,"$1,902,137",,,highsha01
A.J. Green,MIL,"$1,901,769","$2,120,693","$1,901,769",greenaj01
Jeremiah Robinson-Earl,OKC,"$1,900,000","$1,988,598",,robinje02
Trendon Watford,POR,"$1,836,096","$1,988,598","$3,824,694",watfotr01
Miles McBride,NYK,"$1,836,096",,"$1,836,096",mcbrimi01
Isaiah Todd,MEM,"$1,836,096","$1,988,598","$1,836,096",toddis01
Brandon Boston Jr.,LAC,"$1,836,096",,"$1,836,096",bostobr01
Isaiah Livers,DET,"$1,836,096",,"$1,836,096",liveris01
Aaron Wiggins,OKC,"$1,836,096","$1,988,598",,wiggiaa01
Jose Alvarado,NOP,"$1,836,096","$1,988,598",,alvarjo01
Jason Preston,LAC,"$1,836,096",,,prestja01
JT Thor,CHO,"$1,836,096","$1,988,598",,thorjt01
Jack White,OKC,"$1,801,769","$2,120,693","$3,922,462",whiteja03
E.J. Liddell,NOP,"$1,801,769","$2,120,693","$3,922,462",liddeej01
Orlando Robinson,MIA,"$1,801,769","$2,120,693","$1,801,769",robinor01
Kennedy Chandler,MEM,"$1,719,864","$2,019,699","$3,739,563",chandke01
Jaden Hardy,DAL,"$1,719,864","$2,019,699","$2,119,864",hardyja02
Xavier Cooks,WAS,"$1,719,864","$2,019,699","$1,719,864",cooksxa01
Ryan Rollins,WAS,"$1,719,864","$2,019,699","$1,719,864",rolliry01
Christian Koloko,TOR,"$1,719,864","$2,019,699","$1,719,864",kolokch01
Josh Minott,MIN,"$1,719,864","$2,019,699","$1,719,864",minotjo01
Kenneth Lofton Jr.,MEM,"$1,719,864","$2,019,699","$1,719,864",loftoke01
Max Christie,LAL,"$1,719,864",,"$1,719,864",chrisma02
Bryce McGowens,CHO,"$1,719,864","$2,019,699","$1,719,864",mcgowbr01
Jabari Walker,POR,"$1,719,864","$2,019,699","$400,000",walkeja01
Julian Phillips,CHI,"$1,600,000","$1,891,857","$5,713,534",phillju01
Eric Bledsoe,POR,"$1,300,000","$1,300,000","$2,600,000",bledser01
Jordan Walsh,BOS,"$1,119,563","$1,891,857","$3,211,420",walshjo01
Rayan Rupert,POR,"$1,119,563","$1,891,857","$3,011,420",ruperra01
Mouhamed Gueye,ATL,"$1,119,563","$1,891,857","$3,011,420",gueyemo02
Nik Stauskas,IND,"$702,311","$702,310","$1,404,621",stausni01
Juwan Morgan,IND,"$576,230","$576,229","$1,152,459",morgaju01
Malik Fitts,IND,"$555,217","$555,216","$1,110,433",fittsma01
Lamar Stevens,SAS,"$400,000",,"$400,000",stevela01
Nerlens Noel,SAC,"$300,000",,"$300,000",noelne01
Didi Louzada,POR,"$268,032","$268,032","$1,608,192",louzama01
Neemias Queta,SAC,"$250,000",,"$250,000",quetane01
Demetrius Jackson,BOS,"$92,857",,"$92,857",jacksde01